IMAGE_FILENAME,SKU
"la-femme-24691_black_f-prom-dresses-images.jpg,la-femme-24691_black_f2-prom-dresses-images.jpg,la-femme-24691_platinum_b-prom-dresses-images.jpg,la-femme-24691_platinum_f-prom-dresses-images.jpg,la-femme-24691_platinum_f2-prom-dresses-images.jpg",24691
"la-femme-24773_black_f-prom-dresses-images.jpg,la-femme-24773_black_b-prom-dresses-images.jpg",24773
"la-femme-24778_black_b-prom-dresses-images.jpg,la-femme-24778_black_f-prom-dresses-images.jpg,la-femme-24778_black_f2-prom-dresses-images.jpg",24778
"la-femme-24821_black_f-prom-dresses-images.jpg,la-femme-24821_champagne_b-prom-dresses-images.jpg,la-femme-24821_champagne_f-prom-dresses-images.jpg,la-femme-24821_red_f-prom-dresses-images.jpg,la-femme-24821_silver_f-prom-dresses-images.jpg",24821
"la-femme-24901_burgundy_f-prom-dresses-images.jpg,la-femme-24901_royalblue_b-prom-dresses-images.jpg,la-femme-24901_royalblue_f-prom-dresses-images.jpg",24901
"la-femme-24903_electricblue_b-prom-dresses-images.jpg,la-femme-24903_electricblue_f-prom-dresses-images.jpg,la-femme-24903_electricblue_f2-prom-dresses-images.jpg,la-femme-24903_poppyred_f-prom-dresses-images.jpg,la-femme-24903_white_f-prom-dresses-images.jpg,la-femme-24903_yellow_f-prom-dresses-images.jpg",24903
"la-femme-25129_garnet_b-prom-dresses-images.jpg,la-femme-25129_garnet_f-prom-dresses-images.jpg,la-femme-25129_huntergreen_f-prom-dresses-images.jpg,la-femme-25129_navy_f-prom-dresses-images.jpg",25129
"la-femme-25158_darkteal_f-prom-dresses-images.jpg,la-femme-25158_wine_b-prom-dresses-images.jpg,la-femme-25158_wine_f-prom-dresses-images.jpg",25158
"la-femme-25174_charcoal_f-prom-dresses-images.jpg,la-femme-25174_fuchsia_b-prom-dresses-images.jpg,la-femme-25174_fuchsia_f-prom-dresses-images.jpg,la-femme-25174_fuchsia_f2-prom-dresses-images.jpg,la-femme-25174_royalblue_f-prom-dresses-images.jpg",25174
"la-femme-25184_deepteal_b-prom-dresses-images.jpg,la-femme-25184_deepteal_f-prom-dresses-images.jpg,la-femme-25184_raspberry_f-prom-dresses-images.jpg,la-femme-25184_silver_f-prom-dresses-images.jpg",25184
"la-femme-25213_forestgreen_f-prom-dresses-images.jpg,la-femme-25213_navy_f-prom-dresses-images.jpg,la-femme-25213_wine_b-prom-dresses-images.jpg,la-femme-25213_wine_f-prom-dresses-images.jpg",25213
"la-femme-25215_purple_f-prom-dresses-images.jpg,la-femme-25215_silver_b-prom-dresses-images.jpg,la-femme-25215_silver_f-prom-dresses-images.jpg,la-femme-25215_teal_b-prom-dresses-images.jpg,la-femme-25215_teal_f-prom-dresses-images.jpg",25215
"la-femme-25220_red_b-prom-dresses-images.jpg,la-femme-25220_red_f-prom-dresses-images.jpg,la-femme-25220_sapphireblue_f-prom-dresses-images.jpg,la-femme-25220_silver_f-prom-dresses-images.jpg",25220
"la-femme-25256_fuchsia_f-prom-dresses-images.jpg,la-femme-25256_sapphireblue_f-prom-dresses-images.jpg,la-femme-25256_silver_b-prom-dresses-images.jpg,la-femme-25256_silver_f-prom-dresses-images.jpg",25256
"la-femme-25258_fuchsia_f-prom-dresses-images.jpg,la-femme-25258_silver_f-prom-dresses-images.jpg,la-femme-25258_teal_b-prom-dresses-images.jpg,la-femme-25258_teal_f-prom-dresses-images.jpg",25258
"la-femme-25261_black_b-prom-dresses-images.jpg,la-femme-25261_black_f-prom-dresses-images.jpg,la-femme-25261_black_f2-prom-dresses-images.jpg,la-femme-25261_ivory_f-prom-dresses-images.jpg,la-femme-25261_red_f-prom-dresses-images.jpg",25261
"la-femme-25263_black_b-prom-dresses-images.jpg,la-femme-25263_black_f-prom-dresses-images.jpg,la-femme-25263_burgundy_f-prom-dresses-images.jpg,la-femme-25263_huntergreen_f-prom-dresses-images.jpg",25263
"la-femme-25266_black_f-prom-dresses-images.jpg,la-femme-25266_nude_b-prom-dresses-images.jpg,la-femme-25266_nude_f-prom-dresses-images.jpg,la-femme-25266_nude_f2-prom-dresses-images.jpg",25266
"la-femme-25270_black_f-prom-dresses-images.jpg,la-femme-25270_champagne_f-prom-dresses-images.jpg,la-femme-25270_forestgreen_b-prom-dresses-images.jpg,la-femme-25270_forestgreen_f-prom-dresses-images.jpg,la-femme-25270_forestgreen_f2-prom-dresses-images.jpg,la-femme-25270_garnet_f-prom-dresses-images.jpg",25270
"la-femme-25288_black_b-prom-dresses-images.jpg,la-femme-25288_black_f-prom-dresses-images.jpg,la-femme-25288_hotpink_f-prom-dresses-images.jpg,la-femme-25288_sapphireblue_f-prom-dresses-images.jpg",25288
"la-femme-25292_darkteal_f-prom-dresses-images.jpg,la-femme-25292_gunmetal_f-prom-dresses-images.jpg,la-femme-25292_wine_b-prom-dresses-images.jpg,la-femme-25292_wine_f-prom-dresses-images.jpg",25292
"la-femme-25294_darkteal_b-prom-dresses-images.jpg,la-femme-25294_darkteal_f-prom-dresses-images.jpg,la-femme-25294_mauve_f-prom-dresses-images.jpg",25294
"la-femme-25300_boysenberry_f-prom-dresses-images.jpg,la-femme-25300_deepteal_b-prom-dresses-images.jpg,la-femme-25300_deepteal_f-prom-dresses-images.jpg,la-femme-25300_deepteal_f2-prom-dresses-images.jpg,la-femme-25300_white_b-prom-dresses-images.jpg,la-femme-25300_white_f-prom-dresses-images.jpg",25300
"la-femme-25324_black_b-prom-dresses-images.jpg,la-femme-25324_black_f-prom-dresses-images.jpg,la-femme-25324_blush_f-prom-dresses-images.jpg,la-femme-25324_emerald_f-prom-dresses-images.jpg,la-femme-25324_indigo_f-prom-dresses-images.jpg",25324
"la-femme-25346_fuchsia_b-prom-dresses-images.jpg,la-femme-25346_fuchsia_f-prom-dresses-images.jpg,la-femme-25346_sapphireblue_b-prom-dresses-images.jpg,la-femme-25346_sapphireblue_f-prom-dresses-images.jpg,la-femme-25346_silver_f-prom-dresses-images.jpg",25346
"la-femme-25347_boysenberry_b-prom-dresses-images.jpg,la-femme-25347_boysenberry_f-prom-dresses-images.jpg,la-femme-25347_forestgreen_f-prom-dresses-images.jpg,la-femme-25347_navy_f-prom-dresses-images.jpg",25347
"la-femme-25348_navy_f-prom-dresses-images.jpg,la-femme-25348_fuchsia_b-prom-dresses-images.jpg,la-femme-25348_fuchsia_f-prom-dresses-images.jpg,la-femme-25348_huntergreen_f-prom-dresses-images.jpg",25348
"la-femme-25353_black_f-prom-dresses-images.jpg,la-femme-25353_forestgreen_f-prom-dresses-images.jpg,la-femme-25353_forestgreen_f2-prom-dresses-images.jpg,la-femme-25353_wine_b-prom-dresses-images.jpg,la-femme-25353_wine_f-prom-dresses-images.jpg",25353
"la-femme-25355_forestgreen_f-prom-dresses-images.jpg,la-femme-25355_garnet_f-prom-dresses-images.jpg,la-femme-25355_marineblue_b-prom-dresses-images.jpg,la-femme-25355_marineblue_f-prom-dresses-images.jpg",25355
"la-femme-25362_blackgold_b-prom-dresses-images.jpg,la-femme-25362_blackgold_f-prom-dresses-images.jpg",25362
"la-femme-25363_forestgreen_f-prom-dresses-images.jpg,la-femme-25363_navy_f-prom-dresses-images.jpg,la-femme-25363_wine_b-prom-dresses-images.jpg,la-femme-25363_wine_f-prom-dresses-images.jpg",25363
"la-femme-25375_royalblue_b-prom-dresses-images.jpg,la-femme-25375_royalblue_f-prom-dresses-images.jpg,la-femme-25375_wine_f-prom-dresses-images.jpg",25375
"la-femme-25383_garnet_b-prom-dresses-images.jpg,la-femme-25383_garnet_f-prom-dresses-images.jpg,la-femme-25383_gunmetal_f-prom-dresses-images.jpg,la-femme-25383_navy_f-prom-dresses-images.jpg",25383
"la-femme-25384_garnet_f-prom-dresses-images.jpg,la-femme-25384_navy_b-prom-dresses-images.jpg,la-femme-25384_navy_f-prom-dresses-images.jpg",25384
"la-femme-25398_black_f-prom-dresses-images.jpg,la-femme-25398_blush_f-prom-dresses-images.jpg,la-femme-25398_cloudblue_b-prom-dresses-images.jpg,la-femme-25398_cloudblue_f-prom-dresses-images.jpg,la-femme-25398_cloudblue_f2-prom-dresses-images.jpg,la-femme-25398_silver_b-prom-dresses-images.jpg,la-femme-25398_silver_f-prom-dresses-images.jpg,la-femme-25398_silver_f2-prom-dresses-images.jpg",25398
"la-femme-25400_forestgreen_f-prom-dresses-images.jpg,la-femme-25400_navy_f-prom-dresses-images.jpg,la-femme-25400_wine_b-prom-dresses-images.jpg,la-femme-25400_wine_f-prom-dresses-images.jpg",25400
"la-femme-25401_black_b-prom-dresses-images.jpg,la-femme-25401_black_f-prom-dresses-images.jpg,la-femme-25401_blush_f-prom-dresses-images.jpg,la-femme-25401_cloudblue_f-prom-dresses-images.jpg",25401
"la-femme-25404_fuchsia_b-prom-dresses-images.jpg,la-femme-25404_fuchsia_f-prom-dresses-images.jpg,la-femme-25404_silver_f-prom-dresses-images.jpg,la-femme-25404_teal_f-prom-dresses-images.jpg",25404
"la-femme-25407_navy_b-prom-dresses-images.jpg,la-femme-25407_navy_f-prom-dresses-images.jpg,la-femme-25407_navy_f2-prom-dresses-images.jpg,la-femme-25407_raspberry_f-prom-dresses-images.jpg",25407
"la-femme-25408_darkberry_f-prom-dresses-images.jpg,la-femme-25408_navy_b-prom-dresses-images.jpg,la-femme-25408_navy_f-prom-dresses-images.jpg",25408
"la-femme-25410_black_b-prom-dresses-images.jpg,la-femme-25410_black_f-prom-dresses-images.jpg",25410
"la-femme-25412_black_b-prom-dresses-images.jpg,la-femme-25412_black_f-prom-dresses-images.jpg,la-femme-25412_sapphireblue_f-prom-dresses-images.jpg",25412
"la-femme-25417_black_f-prom-dresses-images.jpg,la-femme-25417_white_b-prom-dresses-images.jpg,la-femme-25417_white_f-prom-dresses-images.jpg",25417
"la-femme-25418_gold_b-prom-dresses-images.jpg,la-femme-25418_gold_f-prom-dresses-images.jpg,la-femme-25418_indigo_f-prom-dresses-images.jpg",25418
"la-femme-25419_ivory_f-prom-dresses-images.jpg,la-femme-25419_poppyred_b-prom-dresses-images.jpg,la-femme-25419_poppyred_f-prom-dresses-images.jpg,la-femme-25419_slateblue_f-prom-dresses-images.jpg",25419
"la-femme-25421_fuchsia_f-prom-dresses-images.jpg,la-femme-25421_fuchsia_f2-prom-dresses-images.jpg,la-femme-25421_gold_f-prom-dresses-images.jpg,la-femme-25421_sapphireblue_b-prom-dresses-images.jpg,la-femme-25421_sapphireblue_f-prom-dresses-images.jpg,la-femme-25421_silver_f-prom-dresses-images.jpg",25421
"la-femme-25422_red_f-prom-dresses-images.jpg,la-femme-25422_sapphireblue_f-prom-dresses-images.jpg,la-femme-25422_silver_b-prom-dresses-images.jpg,la-femme-25422_silver_f-prom-dresses-images.jpg",25422
"la-femme-25425_red_b-prom-dresses-images.jpg,la-femme-25425_red_f-prom-dresses-images.jpg,la-femme-25425_royalblue_f-prom-dresses-images.jpg,la-femme-25425_yellow_f-prom-dresses-images.jpg",25425
"la-femme-25430_blush_b-prom-dresses-images.jpg,la-femme-25430_blush_f-prom-dresses-images.jpg,la-femme-25430_deepred_f-prom-dresses-images.jpg,la-femme-25430_navy_f-prom-dresses-images.jpg",25430
"la-femme-25431_navy_f-prom-dresses-images.jpg,la-femme-25431_silver_f-prom-dresses-images.jpg,la-femme-25431_wine_b-prom-dresses-images.jpg,la-femme-25431_wine_f-prom-dresses-images.jpg",25431
"la-femme-25432_red_f-prom-dresses-images.jpg,la-femme-25432_royalblue_b-prom-dresses-images.jpg,la-femme-25432_royalblue_f-prom-dresses-images.jpg",25432
"la-femme-25436_garnet_f-prom-dresses-images.jpg,la-femme-25436_garnet_f2-prom-dresses-images.jpg,la-femme-25436_huntergreen_f-prom-dresses-images.jpg,la-femme-25436_navy_b-prom-dresses-images.jpg,la-femme-25436_navy_f-prom-dresses-images.jpg,la-femme-25436_navy_f2-prom-dresses-images.jpg",25436
"la-femme-25439_forestgreen_b-prom-dresses-images.jpg,la-femme-25439_forestgreen_f-prom-dresses-images.jpg,la-femme-25439_red_f-prom-dresses-images.jpg,la-femme-25439_white_b-prom-dresses-images.jpg",25439
"la-femme-25443_darkteal_f-prom-dresses-images.jpg,la-femme-25443_forestgreen_f-prom-dresses-images.jpg,la-femme-25443_raspberry_b-prom-dresses-images.jpg,la-femme-25443_raspberry_f-prom-dresses-images.jpg",25443
"la-femme-25444_gold_f-prom-dresses-images.jpg,la-femme-25444_sapphireblue_f-prom-dresses-images.jpg,la-femme-25444_silver_b-prom-dresses-images.jpg,la-femme-25444_silver_f-prom-dresses-images.jpg",25444
"la-femme-25446_gunmetal_f-prom-dresses-images.jpg,la-femme-25446_midnightblue_f-prom-dresses-images.jpg,la-femme-25446_wine_b-prom-dresses-images.jpg,la-femme-25446_wine_f-prom-dresses-images.jpg",25446
"la-femme-25450_black_f-prom-dresses-images.jpg,la-femme-25450_boysenberry_b-prom-dresses-images.jpg,la-femme-25450_boysenberry_f-prom-dresses-images.jpg,la-femme-25450_huntergreen_f-prom-dresses-images.jpg,la-femme-25450_ivory_f-prom-dresses-images.jpg,la-femme-25450_marineblue_f-prom-dresses-images.jpg",25450
"la-femme-25454_black_f-prom-dresses-images.jpg,la-femme-25454_champagne_b-prom-dresses-images.jpg,la-femme-25454_champagne_f-prom-dresses-images.jpg,la-femme-25454_champagne_f2-prom-dresses-images.jpg,la-femme-25454_powderblue_f-prom-dresses-images.jpg",25454
"la-femme-25455_brightemerald_f-prom-dresses-images.jpg,la-femme-25455_burgundy_f-prom-dresses-images.jpg,la-femme-25455_lightpink_f-prom-dresses-images.jpg,la-femme-25455_sapphireblue_b-prom-dresses-images.jpg,la-femme-25455_sapphireblue_f-prom-dresses-images.jpg",25455
"la-femme-25459_aqua_f-prom-dresses-images.jpg,la-femme-25459_blush_b-prom-dresses-images.jpg,la-femme-25459_blush_f-prom-dresses-images.jpg,la-femme-25459_blush_f2-prom-dresses-images.jpg,la-femme-25459_silver_f-prom-dresses-images.jpg",25459
"la-femme-25461_black_b-prom-dresses-images.jpg,la-femme-25461_black_f-prom-dresses-images.jpg",25461
"la-femme-25464_forestgreen_f-prom-dresses-images.jpg,la-femme-25464_royalblue_b-prom-dresses-images.jpg,la-femme-25464_royalblue_f-prom-dresses-images.jpg",25464
"la-femme-25469_black_b-prom-dresses-images.jpg,la-femme-25469_black_f-prom-dresses-images.jpg,la-femme-25469_blush_f-prom-dresses-images.jpg,la-femme-25469_cloudblue_f-prom-dresses-images.jpg",25469
"la-femme-25476_black_f-prom-dresses-images.jpg,la-femme-25476_red_b-prom-dresses-images.jpg,la-femme-25476_red_f-prom-dresses-images.jpg",25476
"la-femme-25477_ivory_f-prom-dresses-images.jpg,la-femme-25477_navy_b-prom-dresses-images.jpg,la-femme-25477_navy_f-prom-dresses-images.jpg,la-femme-25477_wine_f-prom-dresses-images.jpg",25477
"la-femme-25479_burgundy_b-prom-dresses-images.jpg,la-femme-25479_burgundy_f-prom-dresses-images.jpg,la-femme-25479_charcoal_f-prom-dresses-images.jpg,la-femme-25479_white_f-prom-dresses-images.jpg",25479
"la-femme-25485_burgundy_f-prom-dresses-images.jpg,la-femme-25485_charcoal_f-prom-dresses-images.jpg,la-femme-25485_navy_b-prom-dresses-images.jpg,la-femme-25485_navy_f-prom-dresses-images.jpg",25485
"la-femme-25487_darkteal_f-prom-dresses-images.jpg,la-femme-25487_marineblue_f-prom-dresses-images.jpg,la-femme-25487_wisteria_b-prom-dresses-images.jpg,la-femme-25487_wisteria_f-prom-dresses-images.jpg",25487
"la-femme-25490_black_b-prom-dresses-images.jpg,la-femme-25490_black_f-prom-dresses-images.jpg",25490
"la-femme-25492_fuchsia_f-prom-dresses-images.jpg,la-femme-25492_lightgold_f-prom-dresses-images.jpg,la-femme-25492_sapphireblue_b-prom-dresses-images.jpg,la-femme-25492_sapphireblue_f-prom-dresses-images.jpg",25492
"la-femme-25494_garnet_f-prom-dresses-images.jpg,la-femme-25494_navy_b-prom-dresses-images.jpg,la-femme-25494_navy_b2-prom-dresses-images.jpg,la-femme-25494_navy_f-prom-dresses-images.jpg,la-femme-25494_navy_f2-prom-dresses-images.jpg",25494
"la-femme-25496_black_f-prom-dresses-images.jpg,la-femme-25496_royalblue_b-prom-dresses-images.jpg,la-femme-25496_royalblue_f-prom-dresses-images.jpg,la-femme-25496_wine_f-prom-dresses-images.jpg",25496
"la-femme-25497_black_b-prom-dresses-images.jpg,la-femme-25497_black_f-prom-dresses-images.jpg",25497
"la-femme-25500_aqua_f-prom-dresses-images.jpg,la-femme-25500_navy_f-prom-dresses-images.jpg,la-femme-25500_rose_b-prom-dresses-images.jpg,la-femme-25500_rose_b2-prom-dresses-images.jpg,la-femme-25500_rose_f-prom-dresses-images.jpg,la-femme-25500_silver_f-prom-dresses-images.jpg,la-femme-25500_wine_f-prom-dresses-images.jpg",25500
"la-femme-25503_burgundy_b-prom-dresses-images.jpg,la-femme-25503_burgundy_f-prom-dresses-images.jpg,la-femme-25503_emerald_f-prom-dresses-images.jpg,la-femme-25503_navy_f-prom-dresses-images.jpg",25503
"la-femme-25504_forestgreen_b-prom-dresses-images.jpg,la-femme-25504_forestgreen_f-prom-dresses-images.jpg,la-femme-25504_red_f-prom-dresses-images.jpg,la-femme-25504_sapphireblue_f-prom-dresses-images.jpg",25504
"la-femme-25508_lightblush_b-prom-dresses-images.jpg,la-femme-25508_lightblush_f-prom-dresses-images.jpg,la-femme-25508_silver_b-prom-dresses-images.jpg,la-femme-25508_silver_f-prom-dresses-images.jpg",25508
"la-femme-25509_white_f-prom-dresses-images.jpg,la-femme-25509_wine_b-prom-dresses-images.jpg,la-femme-25509_wine_f-prom-dresses-images.jpg",25509
"la-femme-25512_gunmetal_b-prom-dresses-images.jpg,la-femme-25512_gunmetal_f-prom-dresses-images.jpg,la-femme-25512_gunmetal_f2-prom-dresses-images.jpg",25512
"la-femme-25513_blueviolet_f-prom-dresses-images.jpg,la-femme-25513_boysenberry_b-prom-dresses-images.jpg,la-femme-25513_boysenberry_f-prom-dresses-images.jpg,la-femme-25513_junglegreen_f-prom-dresses-images.jpg",25513
"la-femme-25515_hotcoral_b-prom-dresses-images.jpg,la-femme-25515_hotcoral_f-prom-dresses-images.jpg,la-femme-25515_ivory_f-prom-dresses-images.jpg,la-femme-25515_powderblue_f-prom-dresses-images.jpg",25515
"la-femme-25517_forestgreen_b-prom-dresses-images.jpg,la-femme-25517_forestgreen_f-prom-dresses-images.jpg,la-femme-25517_plum_f-prom-dresses-images.jpg,la-femme-25517_royalblue_f-prom-dresses-images.jpg",25517
"la-femme-25540_electricpurple_b-prom-dresses-images.jpg,la-femme-25540_electricpurple_f-prom-dresses-images.jpg,la-femme-25540_hotfuchsia_f-prom-dresses-images.jpg,la-femme-25540_jade_f-prom-dresses-images.jpg,la-femme-25540_navy_f-prom-dresses-images.jpg",25540
"la-femme-25553_aquamarine_b-prom-dresses-images.jpg,la-femme-25553_aquamarine_f-prom-dresses-images.jpg,la-femme-25553_majesticpurple_f-prom-dresses-images.jpg,la-femme-25553_red_f-prom-dresses-images.jpg",25553
"la-femme-25554_black_b-prom-dresses-images.jpg,la-femme-25554_black_f-prom-dresses-images.jpg,la-femme-25554_black_f2-prom-dresses-images.jpg",25554
"la-femme-25555_blush_f-prom-dresses-images.jpg,la-femme-25555_white_b-prom-dresses-images.jpg,la-femme-25555_white_f-prom-dresses-images.jpg",25555
"la-femme-25556_burgundy_b-prom-dresses-images.jpg,la-femme-25556_burgundy_f-prom-dresses-images.jpg,la-femme-25556_ivory_f-prom-dresses-images.jpg,la-femme-25556_navy_f-prom-dresses-images.jpg",25556
"la-femme-25559_black_b-prom-dresses-images.jpg,la-femme-25559_black_f-prom-dresses-images.jpg,la-femme-25559_black_f2-prom-dresses-images.jpg",25559
"la-femme-25560_blacknude_f-prom-dresses-images.jpg,la-femme-25560_whitenude_b-prom-dresses-images.jpg,la-femme-25560_whitenude_f-prom-dresses-images.jpg",25560
"la-femme-25568_burgundy_b-prom-dresses-images.jpg,la-femme-25568_burgundy_f-prom-dresses-images.jpg,la-femme-25568_forestgreen_f-prom-dresses-images.jpg,la-femme-25568_navy_f-prom-dresses-images.jpg",25568
"la-femme-25569_black_f-prom-dresses-images.jpg,la-femme-25569_black_f2-prom-dresses-images.jpg,la-femme-25569_nude_b-prom-dresses-images.jpg,la-femme-25569_nude_f-prom-dresses-images.jpg,la-femme-25569_nude_f2-prom-dresses-images.jpg,la-femme-25569_black_b-prom-dresses-images.jpg",25569
"la-femme-25572_sapphireblue_f-prom-dresses-images.jpg,la-femme-25572_strawberry_b-prom-dresses-images.jpg,la-femme-25572_strawberry_f-prom-dresses-images.jpg",25572
"la-femme-25574_black_b-prom-dresses-images.jpg,la-femme-25574_black_f-prom-dresses-images.jpg",25574
"la-femme-25578_navy_f-prom-dresses-images.jpg,la-femme-25578_red_b-prom-dresses-images.jpg,la-femme-25578_red_f-prom-dresses-images.jpg,la-femme-25578_white_f-prom-dresses-images.jpg,la-femme-25578_yellow_f-prom-dresses-images.jpg,la-femme-25578_yellow_f2-prom-dresses-images.jpg",25578
"la-femme-25579_blush_f-prom-dresses-images.jpg,la-femme-25579_burgundy_f-prom-dresses-images.jpg,la-femme-25579_navy_b-prom-dresses-images.jpg,la-femme-25579_navy_f-prom-dresses-images.jpg",25579
"la-femme-25581_blackgold_b-prom-dresses-images.jpg,la-femme-25581_blackgold_f-prom-dresses-images.jpg",25581
"la-femme-25583_black_b-prom-dresses-images.jpg,la-femme-25583_black_f-prom-dresses-images.jpg,la-femme-25583_hotpink_f-prom-dresses-images.jpg,la-femme-25583_sapphireblue_f-prom-dresses-images.jpg",25583
"la-femme-25589_black_b-prom-dresses-images.jpg,la-femme-25589_black_f-prom-dresses-images.jpg",25589
"la-femme-25591_black_b-prom-dresses-images.jpg,la-femme-25591_black_f-prom-dresses-images.jpg,la-femme-25591_wine_f-prom-dresses-images.jpg",25591
"la-femme-25592_black_b-prom-dresses-images.jpg,la-femme-25592_black_f-prom-dresses-images.jpg",25592
"la-femme-25594_black_f-prom-dresses-images.jpg,la-femme-25594_red_b-prom-dresses-images.jpg,la-femme-25594_red_f-prom-dresses-images.jpg,la-femme-25594_royalblue_f-prom-dresses-images.jpg,la-femme-25594_white_f-prom-dresses-images.jpg",25594
"la-femme-25597_peacock_f-prom-dresses-images.jpg,la-femme-25597_purple_f-prom-dresses-images.jpg,la-femme-25597_silver_b-prom-dresses-images.jpg,la-femme-25597_silver_f-prom-dresses-images.jpg",25597
"la-femme-25599_cloudblue_f-prom-dresses-images.jpg,la-femme-25599_hotpink_b-prom-dresses-images.jpg,la-femme-25599_hotpink_f-prom-dresses-images.jpg,la-femme-25599_yellow_f-prom-dresses-images.jpg",25599
"la-femme-25601_black_b-prom-dresses-images.jpg,la-femme-25601_black_f-prom-dresses-images.jpg,la-femme-25601_champagne_f-prom-dresses-images.jpg,la-femme-25601_powderblue_f-prom-dresses-images.jpg",25601
"la-femme-25602_bluemulti_b-prom-dresses-images.jpg,la-femme-25602_bluemulti_f-prom-dresses-images.jpg",25602
"la-femme-25604_gold_f-prom-dresses-images.jpg,la-femme-25604_lightpurple_f-prom-dresses-images.jpg,la-femme-25604_sapphireblue_b-prom-dresses-images.jpg,la-femme-25604_sapphireblue_f-prom-dresses-images.jpg,la-femme-25604_sapphireblue_f2-prom-dresses-images.jpg,la-femme-25604_strawberry_f-prom-dresses-images.jpg",25604
"la-femme-25607_electricblue_f-prom-dresses-images.jpg,la-femme-25607_garnet_f-prom-dresses-images.jpg,la-femme-25607_white_b-prom-dresses-images.jpg,la-femme-25607_white_f-prom-dresses-images.jpg",25607
"la-femme-25611_hotpink_f-prom-dresses-images.jpg,la-femme-25611_indigo_b-prom-dresses-images.jpg,la-femme-25611_indigo_f-prom-dresses-images.jpg,la-femme-25611_indigo_f2-prom-dresses-images.jpg",25611
"la-femme-25612_darkperiwinkle_f-prom-dresses-images.jpg,la-femme-25612_forestgreen_b-prom-dresses-images.jpg,la-femme-25612_forestgreen_f-prom-dresses-images.jpg,la-femme-25612_hotpink_f-prom-dresses-images.jpg",25612
"la-femme-25614_darkwash_b-prom-dresses-images.jpg,la-femme-25614_darkwash_f-prom-dresses-images.jpg",25614
"la-femme-25617_garnet_b-prom-dresses-images.jpg,la-femme-25617_garnet_f-prom-dresses-images.jpg,la-femme-25617_navy_b-prom-dresses-images.jpg,la-femme-25617_navy_f-prom-dresses-images.jpg",25617
"la-femme-25619_navymulti_b-prom-dresses-images.jpg,la-femme-25619_navymulti_f-prom-dresses-images.jpg,la-femme-25619_navymulti_f2-prom-dresses-images.jpg",25619
"la-femme-25620_gunmetal_f-prom-dresses-images.jpg,la-femme-25620_navy_b-prom-dresses-images.jpg,la-femme-25620_navy_f-prom-dresses-images.jpg,la-femme-25620_nude_f-prom-dresses-images.jpg",25620
"la-femme-25623_darkperiwinkle_f-prom-dresses-images.jpg,la-femme-25623_deepred_b-prom-dresses-images.jpg,la-femme-25623_deepred_f-prom-dresses-images.jpg",25623
"la-femme-25624_blushwhite_f-prom-dresses-images.jpg,la-femme-25624_graywhite_b-prom-dresses-images.jpg,la-femme-25624_graywhite_f-prom-dresses-images.jpg,la-femme-25624_graywhite_f2-prom-dresses-images.jpg,la-femme-25624_graywhite_f3-prom-dresses-images.jpg,la-femme-25624_powderbluewhite_f-prom-dresses-images.jpg",25624
"la-femme-25630_black_f-prom-dresses-images.jpg,la-femme-25630_black_f2-prom-dresses-images.jpg,la-femme-25630_white_b-prom-dresses-images.jpg,la-femme-25630_white_f-prom-dresses-images.jpg",25630
"la-femme-25636_garnet_b-prom-dresses-images.jpg,la-femme-25636_garnet_f-prom-dresses-images.jpg,la-femme-25636_gunmetal_f-prom-dresses-images.jpg,la-femme-25636_navy_f-prom-dresses-images.jpg",25636
"la-femme-25638_black_b-prom-dresses-images.jpg,la-femme-25638_black_f-prom-dresses-images.jpg,la-femme-25638_black_f2-prom-dresses-images.jpg,la-femme-25638_burgundy_f-prom-dresses-images.jpg",25638
"la-femme-25641_charcoal_b-prom-dresses-images.jpg,la-femme-25641_charcoal_f-prom-dresses-images.jpg,la-femme-25641_huntergreen_f-prom-dresses-images.jpg,la-femme-25641_navy_f-prom-dresses-images.jpg",25641
"la-femme-25643_gunmetal_b-prom-dresses-images.jpg,la-femme-25643_gunmetal_f-prom-dresses-images.jpg,la-femme-25643_gunmetal_f2-prom-dresses-images.jpg,la-femme-25643_purplemulti_f-prom-dresses-images.jpg,la-femme-25643_turquoisemulti_f-prom-dresses-images.jpg",25643
"la-femme-25645_garnet_b-prom-dresses-images.jpg,la-femme-25645_garnet_f-prom-dresses-images.jpg,la-femme-25645_navy_f-prom-dresses-images.jpg",25645
"la-femme-25648_black_f-prom-dresses-images.jpg,la-femme-25648_darkberry_b-prom-dresses-images.jpg,la-femme-25648_darkberry_f-prom-dresses-images.jpg,la-femme-25648_darkberry_f2-prom-dresses-images.jpg,la-femme-25648_emerald_f-prom-dresses-images.jpg,la-femme-25648_emerald_f2-prom-dresses-images.jpg,la-femme-25648_sapphireblue_f-prom-dresses-images.jpg",25648
"la-femme-25650_navy_f-prom-dresses-images.jpg,la-femme-25650_wine_b-prom-dresses-images.jpg,la-femme-25650_wine_f-prom-dresses-images.jpg",25650
"la-femme-25651_black_f-prom-dresses-images.jpg,la-femme-25651_poppyred_b-prom-dresses-images.jpg,la-femme-25651_poppyred_f-prom-dresses-images.jpg,la-femme-25651_white_f-prom-dresses-images.jpg",25651
"la-femme-25655_stonewash_b-prom-dresses-images.jpg,la-femme-25655_stonewash_f-prom-dresses-images.jpg",25655
"la-femme-25659_blush_f-prom-dresses-images.jpg,la-femme-25659_steelgray_b-prom-dresses-images.jpg,la-femme-25659_steelgray_f-prom-dresses-images.jpg,la-femme-25659_wine_f-prom-dresses-images.jpg",25659
"la-femme-25660_blush_b-prom-dresses-images.jpg,la-femme-25660_blush_f-prom-dresses-images.jpg,la-femme-25660_charcoal_f-prom-dresses-images.jpg,la-femme-25660_navy_f-prom-dresses-images.jpg",25660
"la-femme-25661_charcoal_b-prom-dresses-images.jpg,la-femme-25661_charcoal_f-prom-dresses-images.jpg,la-femme-25661_charcoal_f2-prom-dresses-images.jpg",25661
"la-femme-25664_garnet_b-prom-dresses-images.jpg,la-femme-25664_garnet_f-prom-dresses-images.jpg",25664
"la-femme-25667_forestgreen_f-prom-dresses-images.jpg,la-femme-25667_navy_b-prom-dresses-images.jpg,la-femme-25667_navy_f-prom-dresses-images.jpg,la-femme-25667_navy_f2-prom-dresses-images.jpg,la-femme-25667_plum_f-prom-dresses-images.jpg",25667
"la-femme-25668_navy_b-prom-dresses-images.jpg,la-femme-25668_navy_f-prom-dresses-images.jpg,la-femme-25668_red_f-prom-dresses-images.jpg,la-femme-25668_white_f-prom-dresses-images.jpg",25668
"la-femme-25669_burgundy_f-prom-dresses-images.jpg,la-femme-25669_forestgreen_f-prom-dresses-images.jpg,la-femme-25669_navy_b-prom-dresses-images.jpg,la-femme-25669_navy_b2-prom-dresses-images.jpg,la-femme-25669_navy_f-prom-dresses-images.jpg",25669
"la-femme-25670_burgundy_f-prom-dresses-images.jpg,la-femme-25670_burgundy_f2-prom-dresses-images.jpg,la-femme-25670_gunmetal_b-prom-dresses-images.jpg,la-femme-25670_gunmetal_f-prom-dresses-images.jpg,la-femme-25670_huntergreen_b-prom-dresses-images.jpg,la-femme-25670_huntergreen_f-prom-dresses-images.jpg,la-femme-25670_navy_b-prom-dresses-images.jpg,la-femme-25670_huntergreen_f2-prom-dresses-images.jpg,la-femme-25670_navy_f-prom-dresses-images.jpg",25670
"la-femme-25671_royalblue_f-prom-dresses-images.jpg,la-femme-25671_white_b-prom-dresses-images.jpg,la-femme-25671_white_f-prom-dresses-images.jpg,la-femme-25671_wisteria_f-prom-dresses-images.jpg",25671
"la-femme-25677_black_b-prom-dresses-images.jpg,la-femme-25677_black_f-prom-dresses-images.jpg",25677
"la-femme-25679_black_f-prom-dresses-images.jpg,la-femme-25679_darkteal_b-prom-dresses-images.jpg,la-femme-25679_darkteal_f-prom-dresses-images.jpg,la-femme-25679_wine_f-prom-dresses-images.jpg",25679
"la-femme-25680_emerald_b-prom-dresses-images.jpg,la-femme-25680_emerald_f-prom-dresses-images.jpg,la-femme-25680_red_f-prom-dresses-images.jpg,la-femme-25680_royalblue_f-prom-dresses-images.jpg,la-femme-25680_white_f-prom-dresses-images.jpg",25680
"la-femme-25681_navy_f-prom-dresses-images.jpg,la-femme-25681_wine_b-prom-dresses-images.jpg,la-femme-25681_wine_f-prom-dresses-images.jpg",25681
"la-femme-25694_darkperiwinkle_b-prom-dresses-images.jpg,la-femme-25694_darkperiwinkle_f-prom-dresses-images.jpg,la-femme-25694_hotfuchsia_f-prom-dresses-images.jpg,la-femme-25694_huntergreen_f-prom-dresses-images.jpg",25694
"la-femme-25695_black_b-prom-dresses-images.jpg,la-femme-25695_black_b2-prom-dresses-images.jpg,la-femme-25695_black_f-prom-dresses-images.jpg",25695
"la-femme-25698_burgundy_b-prom-dresses-images.jpg,la-femme-25698_burgundy_f-prom-dresses-images.jpg,la-femme-25698_charcoal_f-prom-dresses-images.jpg,la-femme-25698_darkperiwinkle_f-prom-dresses-images.jpg",25698
"la-femme-25701_black_b-prom-dresses-images.jpg,la-femme-25701_black_f-prom-dresses-images.jpg,la-femme-25701_ivory_f-prom-dresses-images.jpg",25701
"la-femme-25705_blush_f-prom-dresses-images.jpg,la-femme-25705_cloudblue_f-prom-dresses-images.jpg,la-femme-25705_silver_b-prom-dresses-images.jpg,la-femme-25705_silver_f-prom-dresses-images.jpg",25705
"la-femme-25707_burgundy_f-prom-dresses-images.jpg,la-femme-25707_navy_b-prom-dresses-images.jpg,la-femme-25707_navy_f-prom-dresses-images.jpg",25707
"la-femme-25711_black_f-prom-dresses-images.jpg,la-femme-25711_champagne_f-prom-dresses-images.jpg,la-femme-25711_paleblue_b-prom-dresses-images.jpg,la-femme-25711_paleblue_f-prom-dresses-images.jpg",25711
"la-femme-25717_navy_f-prom-dresses-images.jpg,la-femme-25717_rosegold_b-prom-dresses-images.jpg,la-femme-25717_rosegold_f-prom-dresses-images.jpg",25717
"la-femme-25720_black_f-prom-dresses-images.jpg,la-femme-25720_sapphireblue_b-prom-dresses-images.jpg,la-femme-25720_sapphireblue_f-prom-dresses-images.jpg,la-femme-25720_sapphireblue_f2-prom-dresses-images.jpg,la-femme-25720_wine_f-prom-dresses-images.jpg",25720
"la-femme-25725_neongrapefruit_f-prom-dresses-images.jpg,la-femme-25725_oceanblue_f-prom-dresses-images.jpg,la-femme-25725_yellow_b-prom-dresses-images.jpg,la-femme-25725_yellow_f-prom-dresses-images.jpg",25725
"la-femme-25727_black_b-prom-dresses-images.jpg,la-femme-25727_black_f-prom-dresses-images.jpg",25727
"la-femme-25731_burgundy_b-prom-dresses-images.jpg,la-femme-25731_burgundy_f-prom-dresses-images.jpg,la-femme-25731_darkperiwinkle_f-prom-dresses-images.jpg",25731
"la-femme-25734_forestgreen_f-prom-dresses-images.jpg,la-femme-25734_nude_b-prom-dresses-images.jpg,la-femme-25734_nude_f-prom-dresses-images.jpg,la-femme-25734_slateblue_f-prom-dresses-images.jpg,la-femme-25734_slateblue_f2-prom-dresses-images.jpg",25734
"la-femme-25735_hotpink_f-prom-dresses-images.jpg,la-femme-25735_teal_b-prom-dresses-images.jpg,la-femme-25735_teal_f-prom-dresses-images.jpg,la-femme-25735_charcoal_f-prom-dresses-images.jpg",25735
"la-femme-25736_hotcoral_b-prom-dresses-images.jpg,la-femme-25736_hotcoral_f-prom-dresses-images.jpg,la-femme-25736_yellow_f-prom-dresses-images.jpg",25736
"la-femme-25738_black_f-prom-dresses-images.jpg,la-femme-25738_blush_f-prom-dresses-images.jpg,la-femme-25738_blush_f2-prom-dresses-images.jpg,la-femme-25738_periwinkle_b-prom-dresses-images.jpg,la-femme-25738_periwinkle_f-prom-dresses-images.jpg",25738
"la-femme-25741_black_b-prom-dresses-images.jpg,la-femme-25741_black_f-prom-dresses-images.jpg,la-femme-25741_black_f2-prom-dresses-images.jpg,la-femme-25741_ivory_f-prom-dresses-images.jpg,la-femme-25741_ivory_f2-prom-dresses-images.jpg",25741
"la-femme-25746_cloudblue_b-prom-dresses-images.jpg,la-femme-25746_cloudblue_f-prom-dresses-images.jpg,la-femme-25746_cloudblue_f2-prom-dresses-images.jpg,la-femme-25746_lightblush_f-prom-dresses-images.jpg,la-femme-25746_purple_f-prom-dresses-images.jpg",25746
"la-femme-25749_sapphireblue_b-prom-dresses-images.jpg,la-femme-25749_sapphireblue_f2-prom-dresses-images.jpg,la-femme-25749_red_f-prom-dresses-images.jpg,la-femme-25749_sapphireblue_f-prom-dresses-images.jpg,la-femme-25749_white_f-prom-dresses-images.jpg",25749
"la-femme-25751_black_f-prom-dresses-images.jpg,la-femme-25751_emerald_b-prom-dresses-images.jpg,la-femme-25751_majesticpurple_f-prom-dresses-images.jpg,la-femme-25751_emerald_f-prom-dresses-images.jpg,la-femme-25751_white_f-prom-dresses-images.jpg",25751
"la-femme-25753_darkwash_b-prom-dresses-images.jpg,la-femme-25753_darkwash_f-prom-dresses-images.jpg",25753
"la-femme-25754_darkwash_b-prom-dresses-images.jpg,la-femme-25754_darkwash_f-prom-dresses-images.jpg",25754
"la-femme-25756_ivorymulti_b-prom-dresses-images.jpg,la-femme-25756_bluemulti_f-prom-dresses-images.jpg,la-femme-25756_ivorymulti_f-prom-dresses-images.jpg",25756
"la-femme-25759_black_f-prom-dresses-images.jpg,la-femme-25759_deepred_f-prom-dresses-images.jpg,la-femme-25759_sapphireblue_b-prom-dresses-images.jpg,la-femme-25759_sapphireblue_f-prom-dresses-images.jpg",25759
"la-femme-25761_black_b-prom-dresses-images.jpg,la-femme-25761_burgundy_f-prom-dresses-images.jpg,la-femme-25761_ivory_f-prom-dresses-images.jpg,la-femme-25761_black_f-prom-dresses-images.jpg",25761
"la-femme-25762_black_f-prom-dresses-images.jpg,la-femme-25762_blush_f-prom-dresses-images.jpg,la-femme-25762_ivory_f-prom-dresses-images.jpg,la-femme-25762_powderblue_b-prom-dresses-images.jpg,la-femme-25762_powderblue_f-prom-dresses-images.jpg",25762
"la-femme-25763_darkperiwinkle_f-prom-dresses-images.jpg,la-femme-25763_red_b-prom-dresses-images.jpg,la-femme-25763_red_f-prom-dresses-images.jpg,la-femme-25763_silver_f-prom-dresses-images.jpg",25763
"la-femme-25764_deepred_b-prom-dresses-images.jpg,la-femme-25764_deepred_f-prom-dresses-images.jpg,la-femme-25764_navy_f-prom-dresses-images.jpg,la-femme-25764_white_f-prom-dresses-images.jpg",25764
"la-femme-25767_blush_b-prom-dresses-images.jpg,la-femme-25767_blush_f-prom-dresses-images.jpg,la-femme-25767_blush_f2-prom-dresses-images.jpg,la-femme-25767_cloudblue_f-prom-dresses-images.jpg",25767
"la-femme-25769_fuchsiamulti_f-prom-dresses-images.jpg,la-femme-25769_silver_b-prom-dresses-images.jpg,la-femme-25769_silver_f-prom-dresses-images.jpg",25769
"la-femme-25771_electricblue_f-prom-dresses-images.jpg,la-femme-25771_poppyred_f-prom-dresses-images.jpg,la-femme-25771_white_b-prom-dresses-images.jpg,la-femme-25771_white_f-prom-dresses-images.jpg",25771
"la-femme-25772_black_b-prom-dresses-images.jpg,la-femme-25772_black_f-prom-dresses-images.jpg",25772
"la-femme-25783_burgundy_b-prom-dresses-images.jpg,la-femme-25783_burgundy_f-prom-dresses-images.jpg,la-femme-25783_forestgreen_f-prom-dresses-images.jpg,la-femme-25783_navy_f-prom-dresses-images.jpg",25783
"la-femme-25789_multi_b-prom-dresses-images.jpg,la-femme-25789_multi_f-prom-dresses-images.jpg",25789
"la-femme-25790_multi_b-prom-dresses-images.jpg,la-femme-25790_multi_f-prom-dresses-images.jpg",25790
"la-femme-25792_black_b-prom-dresses-images.jpg,la-femme-25792_black_f-prom-dresses-images.jpg,la-femme-25792_white_b-prom-dresses-images.jpg,la-femme-25792_wine_b-prom-dresses-images.jpg,la-femme-25792_wine_f-prom-dresses-images.jpg",25792
"la-femme-25805_lightwash_b-prom-dresses-images.jpg,la-femme-25805_lightwash_f-prom-dresses-images.jpg",25805
"la-femme-25807_black_b-prom-dresses-images.jpg,la-femme-25807_black_f-prom-dresses-images.jpg,la-femme-25807_ivory_f-prom-dresses-images.jpg",25807
"la-femme-25809_burgundy_b-prom-dresses-images.jpg,la-femme-25809_burgundy_f-prom-dresses-images.jpg,la-femme-25809_navy_f-prom-dresses-images.jpg",25809
"la-femme-25811_fuchsia_f-prom-dresses-images.jpg,la-femme-25811_gold_f-prom-dresses-images.jpg,la-femme-25811_lavender_b-prom-dresses-images.jpg,la-femme-25811_lavender_f-prom-dresses-images.jpg,la-femme-25811_sapphireblue_f-prom-dresses-images.jpg,la-femme-25811_silver_f-prom-dresses-images.jpg",25811
"la-femme-25812_lightblue_b-prom-dresses-images.jpg,la-femme-25812_lightblue_f-prom-dresses-images.jpg,la-femme-25812_lightpink_f-prom-dresses-images.jpg",25812
"la-femme-25813_forestgreen_f-prom-dresses-images.jpg,la-femme-25813_garnet_f-prom-dresses-images.jpg,la-femme-25813_navy_b-prom-dresses-images.jpg,la-femme-25813_navy_f-prom-dresses-images.jpg,la-femme-25813_navy_f2-prom-dresses-images.jpg",25813
"la-femme-25815_burgundy_f-prom-dresses-images.jpg,la-femme-25815_navy_b-prom-dresses-images.jpg,la-femme-25815_navy_f-prom-dresses-images.jpg",25815
"la-femme-25817_black_b-prom-dresses-images.jpg,la-femme-25817_black_f-prom-dresses-images.jpg,la-femme-25817_navy_f-prom-dresses-images.jpg,la-femme-25817_wine_f-prom-dresses-images.jpg",25817
"la-femme-25823_navy_f-prom-dresses-images.jpg,la-femme-25823_wine_b-prom-dresses-images.jpg,la-femme-25823_wine_f-prom-dresses-images.jpg",25823
"la-femme-25824_black_b-prom-dresses-images.jpg,la-femme-25824_black_f-prom-dresses-images.jpg,la-femme-25824_navy_f-prom-dresses-images.jpg,la-femme-25824_wine_f-prom-dresses-images.jpg",25824
"la-femme-25830_boysenberry_b-prom-dresses-images.jpg,la-femme-25830_boysenberry_f-prom-dresses-images.jpg,la-femme-25830_marineblue_f-prom-dresses-images.jpg,la-femme-25830_white_f-prom-dresses-images.jpg",25830
"la-femme-25843_garnet_b-prom-dresses-images.jpg,la-femme-25843_garnet_f-prom-dresses-images.jpg,la-femme-25843_indigo_f-prom-dresses-images.jpg,la-femme-25843_teal_f-prom-dresses-images.jpg,la-femme-25843_white_f-prom-dresses-images.jpg",25843
"la-femme-25846_black_f-prom-dresses-images.jpg,la-femme-25846_burgundy_f-prom-dresses-images.jpg,la-femme-25846_teal_b-prom-dresses-images.jpg,la-femme-25846_teal_f-prom-dresses-images.jpg",25846
"la-femme-25848_darkwash_b-prom-dresses-images.jpg,la-femme-25848_darkwash_f-prom-dresses-images.jpg",25848
"la-femme-25853_hotpink_f-prom-dresses-images.jpg,la-femme-25853_jade_f-prom-dresses-images.jpg,la-femme-25853_sapphireblue_b-prom-dresses-images.jpg,la-femme-25853_sapphireblue_f-prom-dresses-images.jpg",25853
"la-femme-25857_emerald_f-prom-dresses-images.jpg,la-femme-25857_hotfuchsia_f-prom-dresses-images.jpg,la-femme-25857_sapphireblue_b-prom-dresses-images.jpg,la-femme-25857_sapphireblue_f-prom-dresses-images.jpg,la-femme-25857_sapphireblue_f2-prom-dresses-images.jpg",25857
"la-femme-25861_ivory_f-prom-dresses-images.jpg,la-femme-25861_navy_b-prom-dresses-images.jpg,la-femme-25861_navy_f-prom-dresses-images.jpg,la-femme-25861_silver_f-prom-dresses-images.jpg",25861
"la-femme-25866_indigo_b-prom-dresses-images.jpg,la-femme-25866_indigo_f-prom-dresses-images.jpg,la-femme-25866_slateblue_f-prom-dresses-images.jpg,la-femme-25866_wine_f-prom-dresses-images.jpg",25866
"la-femme-25869_navy_b-prom-dresses-images.jpg,la-femme-25869_navy_f-prom-dresses-images.jpg",25869
"la-femme-25872_black_b-prom-dresses-images.jpg,la-femme-25872_black_f-prom-dresses-images.jpg,la-femme-25872_black_f2-prom-dresses-images.jpg",25872
"la-femme-25873_lightgold_b-prom-dresses-images.jpg,la-femme-25873_lightgold_f-prom-dresses-images.jpg",25873
"la-femme-25881_navy_f-prom-dresses-images.jpg,la-femme-25881_wine_b-prom-dresses-images.jpg,la-femme-25881_wine_f-prom-dresses-images.jpg",25881
"la-femme-25882_electricblue_b-prom-dresses-images.jpg,la-femme-25882_electricblue_f-prom-dresses-images.jpg,la-femme-25882_fuchsia_f-prom-dresses-images.jpg,la-femme-25882_silvergold_f-prom-dresses-images.jpg",25882
"la-femme-25883_black_f-prom-dresses-images.jpg,la-femme-25883_indigo_b-prom-dresses-images.jpg,la-femme-25883_indigo_f-prom-dresses-images.jpg,la-femme-25883_red_f-prom-dresses-images.jpg",25883
"la-femme-25884_purplemulti_f-prom-dresses-images.jpg,la-femme-25884_turquoisemulti_b-prom-dresses-images.jpg,la-femme-25884_turquoisemulti_f-prom-dresses-images.jpg",25884
"la-femme-25885_darkwash_b-prom-dresses-images.jpg,la-femme-25885_darkwash_f-prom-dresses-images.jpg,la-femme-25885_darkwash_f2-prom-dresses-images.jpg",25885
"la-femme-25886_gunmetal_f-prom-dresses-images.jpg,la-femme-25886_purplemulti_b-prom-dresses-images.jpg,la-femme-25886_purplemulti_f-prom-dresses-images.jpg,la-femme-25886_turquoisemulti_f-prom-dresses-images.jpg",25886
"la-femme-25895_fuchsia_b-prom-dresses-images.jpg,la-femme-25895_fuchsia_f-prom-dresses-images.jpg,la-femme-25895_fuchsia_f2-prom-dresses-images.jpg,la-femme-25895_sapphireblue_f-prom-dresses-images.jpg,la-femme-25895_silvergold_f-prom-dresses-images.jpg",25895
"la-femme-25900_multi_b-prom-dresses-images.jpg,la-femme-25900_multi_f-prom-dresses-images.jpg,la-femme-25900_multi_f2-prom-dresses-images.jpg",25900
"la-femme-25901_purplemulti_f-prom-dresses-images.jpg,la-femme-25901_silvergold_b-prom-dresses-images.jpg,la-femme-25901_silvergold_f-prom-dresses-images.jpg,la-femme-25901_turquoisemulti_f-prom-dresses-images.jpg",25901
"la-femme-25903_brightemerald_f-prom-dresses-images.jpg,la-femme-25903_fuchsia_f-prom-dresses-images.jpg,la-femme-25903_sapphireblue_b-prom-dresses-images.jpg,la-femme-25903_sapphireblue_f-prom-dresses-images.jpg",25903
"la-femme-25904_brightemerald_f-prom-dresses-images.jpg,la-femme-25904_oceanblue_f-prom-dresses-images.jpg,la-femme-25904_poppyred_b-prom-dresses-images.jpg,la-femme-25904_poppyred_f-prom-dresses-images.jpg,la-femme-25904_poppyred_f2-prom-dresses-images.jpg",25904
"la-femme-25906_brightemerald_f-prom-dresses-images.jpg,la-femme-25906_sapphireblue_f-prom-dresses-images.jpg,la-femme-25906_brightemerald_b-prom-dresses-images.jpg",25906
"la-femme-25907_burgundy_f-prom-dresses-images.jpg,la-femme-25907_platinum_b-prom-dresses-images.jpg,la-femme-25907_platinum_f-prom-dresses-images.jpg,la-femme-25907_teal_f-prom-dresses-images.jpg",25907
"la-femme-25908_bluegold_f-prom-dresses-images.jpg,la-femme-25908_purplemulti_f-prom-dresses-images.jpg,la-femme-25908_turquoisemulti_b-prom-dresses-images.jpg,la-femme-25908_turquoisemulti_f-prom-dresses-images.jpg",25908
"la-femme-25918_black_f-prom-dresses-images.jpg,la-femme-25918_white_b-prom-dresses-images.jpg,la-femme-25918_electricblue_f-prom-dresses-images.jpg,la-femme-25918_white_f-prom-dresses-images.jpg",25918
"la-femme-25919_black_b-prom-dresses-images.jpg,la-femme-25919_black_f-prom-dresses-images.jpg,la-femme-25919_burgundy_f-prom-dresses-images.jpg",25919
"la-femme-25924_darkwash_b-prom-dresses-images.jpg,la-femme-25924_darkwash_f-prom-dresses-images.jpg,la-femme-25924_darkwash_f2-prom-dresses-images.jpg",25924
"la-femme-25925_cloudblue_f-prom-dresses-images.jpg,la-femme-25925_whitenude_b-prom-dresses-images.jpg,la-femme-25925_whitenude_f-prom-dresses-images.jpg,la-femme-25925_whitenude_f2-prom-dresses-images.jpg",25925
"la-femme-25926_burgundy_f-prom-dresses-images.jpg,la-femme-25926_emerald_b-prom-dresses-images.jpg,la-femme-25926_emerald_b2-prom-dresses-images.jpg,la-femme-25926_emerald_f-prom-dresses-images.jpg",25926
"la-femme-25928_white_b-prom-dresses-images.jpg,la-femme-25928_white_f-prom-dresses-images.jpg",25928
"la-femme-25930_rosegold_b-prom-dresses-images.jpg,la-femme-25930_rosegold_f-prom-dresses-images.jpg,la-femme-25930_rosegold_f2-prom-dresses-images.jpg",25930
"la-femme-25931_powderblue_f-prom-dresses-images.jpg,la-femme-25931_rosegold_b-prom-dresses-images.jpg,la-femme-25931_rosegold_f-prom-dresses-images.jpg",25931
"la-femme-25937_black_b-prom-dresses-images.jpg,la-femme-25937_black_f-prom-dresses-images.jpg",25937
"la-femme-25939_garnet_f-prom-dresses-images.jpg,la-femme-25939_sapphireblue_b-prom-dresses-images.jpg,la-femme-25939_sapphireblue_f-prom-dresses-images.jpg,la-femme-25939_teal_f-prom-dresses-images.jpg",25939
"la-femme-25953_burgundy_b-prom-dresses-images.jpg,la-femme-25953_burgundy_f-prom-dresses-images.jpg,la-femme-25953_navy_f-prom-dresses-images.jpg",25953
"la-femme-25955_fuchsia_b-prom-dresses-images.jpg,la-femme-25955_fuchsia_f-prom-dresses-images.jpg,la-femme-25955_fuchsia_f2-prom-dresses-images.jpg,la-femme-25955_sapphireblue_f-prom-dresses-images.jpg,la-femme-25955_silvergold_f-prom-dresses-images.jpg",25955
"la-femme-25961_black_b-prom-dresses-images.jpg,la-femme-25961_black_f-prom-dresses-images.jpg,la-femme-25961_ivory_f-prom-dresses-images.jpg",25961
"la-femme-25962_forestgreen_f-prom-dresses-images.jpg,la-femme-25962_plum_f-prom-dresses-images.jpg,la-femme-25962_poppyred_f-prom-dresses-images.jpg,la-femme-25962_sapphireblue_b-prom-dresses-images.jpg,la-femme-25962_sapphireblue_f-prom-dresses-images.jpg",25962
"la-femme-25967_blush_b-prom-dresses-images.jpg,la-femme-25967_blush_f-prom-dresses-images.jpg,la-femme-25967_ivory_f-prom-dresses-images.jpg,la-femme-25967_ivory_f2-prom-dresses-images.jpg,la-femme-25967_navy_f-prom-dresses-images.jpg",25967
"la-femme-25970_navy_f-prom-dresses-images.jpg,la-femme-25970_teal_b-prom-dresses-images.jpg,la-femme-25970_teal_f-prom-dresses-images.jpg",25970
"la-femme-25972_deepred_b-prom-dresses-images.jpg,la-femme-25972_evergreen_b-prom-dresses-images.jpg,la-femme-25972_ivory_b-prom-dresses-images.jpg,la-femme-25972_navy_b-prom-dresses-images.jpg,la-femme-25972_navy_f-prom-dresses-images.jpg,la-femme-25972_navy_f2-prom-dresses-images.jpg",25972
"la-femme-25973_burgundy_f-prom-dresses-images.jpg,la-femme-25973_darkperiwinkle_f-prom-dresses-images.jpg,la-femme-25973_burgundy_b-prom-dresses-images.jpg",25973
"la-femme-25976_blackivory_b-prom-dresses-images.jpg,la-femme-25976_blackivory_b2-prom-dresses-images.jpg,la-femme-25976_blackivory_f-prom-dresses-images.jpg,la-femme-25976_blackivory_f2-prom-dresses-images.jpg",25976
"la-femme-25978_jade_f-prom-dresses-images.jpg,la-femme-25978_sapphireblue_b-prom-dresses-images.jpg,la-femme-25978_sapphireblue_f-prom-dresses-images.jpg",25978
"la-femme-25981_sapphireblue_b-prom-dresses-images.jpg,la-femme-25981_sapphireblue_f-prom-dresses-images.jpg",25981
"la-femme-25983_black_b-prom-dresses-images.jpg,la-femme-25983_black_f-prom-dresses-images.jpg",25983
"la-femme-25986_garnet_f-prom-dresses-images.jpg,la-femme-25986_navy_b-prom-dresses-images.jpg,la-femme-25986_navy_b2-prom-dresses-images.jpg,la-femme-25986_navy_f-prom-dresses-images.jpg",25986
"la-femme-26000_silvergold_b-prom-dresses-images.jpg,la-femme-26000_silvergold_f-prom-dresses-images.jpg,la-femme-26000_silvergold_f2-prom-dresses-images.jpg",26000
"la-femme-26001_forestgreen_f-prom-dresses-images.jpg,la-femme-26001_hotpink_b-prom-dresses-images.jpg,la-femme-26001_hotpink_f-prom-dresses-images.jpg,la-femme-26001_indigo_f-prom-dresses-images.jpg",26001
"la-femme-26002_huntergreen_b-prom-dresses-images.jpg,la-femme-26002_huntergreen_f-prom-dresses-images.jpg",26002
"la-femme-26004_navy_b-prom-dresses-images.jpg,la-femme-26004_navy_f-prom-dresses-images.jpg,la-femme-26004_navy_f2-prom-dresses-images.jpg",26004
"la-femme-26005_burgundy_f-prom-dresses-images.jpg,la-femme-26005_hotpink_b-prom-dresses-images.jpg,la-femme-26005_hotpink_f-prom-dresses-images.jpg,la-femme-26005_hotpink_f2-prom-dresses-images.jpg,la-femme-26005_yellow_f-prom-dresses-images.jpg",26005
"la-femme-26012_burgundy_f-prom-dresses-images.jpg,la-femme-26012_electricpurple_b-prom-dresses-images.jpg,la-femme-26012_electricpurple_f-prom-dresses-images.jpg",26012
"la-femme-26013_darkwash_b-prom-dresses-images.jpg,la-femme-26013_darkwash_f-prom-dresses-images.jpg",26013
"la-femme-26015_deepred_f-prom-dresses-images.jpg,la-femme-26015_lightblush_f-prom-dresses-images.jpg,la-femme-26015_navy_b-prom-dresses-images.jpg,la-femme-26015_navy_f-prom-dresses-images.jpg",26015
"la-femme-26017_blush_b-prom-dresses-images.jpg,la-femme-26017_blush_b2-prom-dresses-images.jpg,la-femme-26017_blush_b3-prom-dresses-images.jpg,la-femme-26017_blush_f-prom-dresses-images.jpg,la-femme-26017_blush_f2-prom-dresses-images.jpg,la-femme-26017_blush_f3-prom-dresses-images.jpg,la-femme-26017_blush_f4-prom-dresses-images.jpg,la-femme-26017_emerald_f-prom-dresses-images.jpg,la-femme-26017_navy_b-prom-dresses-images.jpg,la-femme-26017_navy_f-prom-dresses-images.jpg,la-femme-26017_silver_f-prom-dresses-images.jpg,la-femme-26017_wine_b-prom-dresses-images.jpg,la-femme-26017_wine_f-prom-dresses-images.jpg",26017
"la-femme-26021_royalblue_b-prom-dresses-images.jpg,la-femme-26021_royalblue_f-prom-dresses-images.jpg,la-femme-26021_royalblue_f2-prom-dresses-images.jpg,la-femme-26021_wine_f-prom-dresses-images.jpg",26021
"la-femme-26023_indigo_f-prom-dresses-images.jpg,la-femme-26023_red_f-prom-dresses-images.jpg,la-femme-26023_teal_b-prom-dresses-images.jpg,la-femme-26023_teal_f-prom-dresses-images.jpg",26023
"la-femme-26030_gunmetal_b-prom-dresses-images.jpg,la-femme-26030_gunmetal_f-prom-dresses-images.jpg,la-femme-26030_rosegold_f-prom-dresses-images.jpg",26030
"la-femme-26035_blush_f-prom-dresses-images.jpg,la-femme-26035_silver_b-prom-dresses-images.jpg,la-femme-26035_silver_f-prom-dresses-images.jpg,la-femme-26035_teal_f-prom-dresses-images.jpg",26035
"la-femme-26036_burgundy_b-prom-dresses-images.jpg,la-femme-26036_burgundy_f-prom-dresses-images.jpg,la-femme-26036_teal_f-prom-dresses-images.jpg",26036
"la-femme-26038_darkberry_f-prom-dresses-images.jpg,la-femme-26038_darkteal_f-prom-dresses-images.jpg,la-femme-26038_navy_b-prom-dresses-images.jpg,la-femme-26038_navy_f-prom-dresses-images.jpg",26038
"la-femme-26043_burgundy_f-prom-dresses-images.jpg,la-femme-26043_electricblue_b-prom-dresses-images.jpg,la-femme-26043_electricblue_f-prom-dresses-images.jpg,la-femme-26043_teal_f-prom-dresses-images.jpg,la-femme-26043_yellow_f-prom-dresses-images.jpg",26043
"la-femme-26045_gunmetal_b-prom-dresses-images.jpg,la-femme-26045_gunmetal_f-prom-dresses-images.jpg,la-femme-26045_gunmetal_f2-prom-dresses-images.jpg",26045
"la-femme-26073_bluegold_f-prom-dresses-images.jpg,la-femme-26073_purplemulti_b-prom-dresses-images.jpg,la-femme-26073_purplemulti_f-prom-dresses-images.jpg,la-femme-26073_turquoisemulti_f-prom-dresses-images.jpg",26073
"la-femme-26076_fuchsia_f-prom-dresses-images.jpg,la-femme-26076_oceanblue_b-prom-dresses-images.jpg,la-femme-26076_oceanblue_f-prom-dresses-images.jpg,la-femme-26076_oceanblue_f2-prom-dresses-images.jpg,la-femme-26076_oceanblue_f3-prom-dresses-images.jpg,la-femme-26076_papaya_b-prom-dresses-images.jpg,la-femme-26076_papaya_f-prom-dresses-images.jpg",26076
"la-femme-26077_blush_f-prom-dresses-images.jpg,la-femme-26077_gunmetal_f-prom-dresses-images.jpg,la-femme-26077_navy_b-prom-dresses-images.jpg,la-femme-26077_navy_f-prom-dresses-images.jpg",26077
"la-femme-26080_lightblush_b-prom-dresses-images.jpg,la-femme-26080_lightblush_f-prom-dresses-images.jpg,la-femme-26080_silver_f-prom-dresses-images.jpg",26080
"la-femme-26082_darkteal_b-prom-dresses-images.jpg,la-femme-26082_darkteal_f-prom-dresses-images.jpg,la-femme-26082_garnet_b-prom-dresses-images.jpg,la-femme-26082_garnet_f-prom-dresses-images.jpg",26082
"la-femme-26087_darkteal_f-prom-dresses-images.jpg,la-femme-26087_hotfuchsia_f-prom-dresses-images.jpg,la-femme-26087_periwinkle_b-prom-dresses-images.jpg,la-femme-26087_periwinkle_f-prom-dresses-images.jpg",26087
"la-femme-26088_emerald_f-prom-dresses-images.jpg,la-femme-26088_royalblue_b-prom-dresses-images.jpg,la-femme-26088_royalblue_f-prom-dresses-images.jpg,la-femme-26088_wine_f-prom-dresses-images.jpg",26088
"la-femme-26103_burgundy_f-prom-dresses-images.jpg,la-femme-26103_huntergreen_f-prom-dresses-images.jpg,la-femme-26103_navy_b-prom-dresses-images.jpg,la-femme-26103_navy_f-prom-dresses-images.jpg",26103
"la-femme-26104_garnet_f-prom-dresses-images.jpg,la-femme-26104_indigo_b-prom-dresses-images.jpg,la-femme-26104_indigo_f-prom-dresses-images.jpg,la-femme-26104_indigo_f2-prom-dresses-images.jpg,la-femme-26104_teal_f-prom-dresses-images.jpg",26104
"la-femme-26106_black_f-prom-dresses-images.jpg,la-femme-26106_electricblue_f-prom-dresses-images.jpg,la-femme-26106_white_b-prom-dresses-images.jpg,la-femme-26106_white_f-prom-dresses-images.jpg",26106
"la-femme-26110_black_b-prom-dresses-images.jpg,la-femme-26110_black_f-prom-dresses-images.jpg,la-femme-26110_white_f-prom-dresses-images.jpg",26110
"la-femme-26115_navy_b-prom-dresses-images.jpg,la-femme-26115_navy_f-prom-dresses-images.jpg",26115
"la-femme-26116_darkberry_f-prom-dresses-images.jpg,la-femme-26116_gunmetal_f-prom-dresses-images.jpg,la-femme-26116_navy_b-prom-dresses-images.jpg,la-femme-26116_navy_f-prom-dresses-images.jpg",26116
"la-femme-26120_black_b-prom-dresses-images.jpg,la-femme-26120_black_f-prom-dresses-images.jpg,la-femme-26120_black_f2-prom-dresses-images.jpg",26120
"la-femme-26124_darkblue_b-prom-dresses-images.jpg,la-femme-26124_darkblue_f-prom-dresses-images.jpg,la-femme-26124_garnet_f-prom-dresses-images.jpg",26124
"la-femme-26141_burgundy_b-prom-dresses-images.jpg,la-femme-26141_burgundy_f-prom-dresses-images.jpg,la-femme-26141_silver_f-prom-dresses-images.jpg,la-femme-26141_smokyblue_b-prom-dresses-images.jpg,la-femme-26141_smokyblue_f-prom-dresses-images.jpg,la-femme-26141_yellow_f-prom-dresses-images.jpg",26141
"la-femme-26145_jade_f-prom-dresses-images.jpg,la-femme-26145_navy_f-prom-dresses-images.jpg,la-femme-26145_poppyred_b-prom-dresses-images.jpg,la-femme-26145_poppyred_f-prom-dresses-images.jpg,la-femme-26145_white_f-prom-dresses-images.jpg",26145
"la-femme-26148_cloudblue_b-prom-dresses-images.jpg,la-femme-26148_cloudblue_f-prom-dresses-images.jpg,la-femme-26148_darkblush_f-prom-dresses-images.jpg,la-femme-26148_ivory_f-prom-dresses-images.jpg",26148
"la-femme-26151_gunmetal_b-prom-dresses-images.jpg,la-femme-26151_gunmetal_f-prom-dresses-images.jpg",26151
"la-femme-26154_burgundy_f-prom-dresses-images.jpg,la-femme-26154_sapphireblue_b-prom-dresses-images.jpg,la-femme-26154_sapphireblue_f-prom-dresses-images.jpg",26154
"la-femme-26162_deepred_f-prom-dresses-images.jpg,la-femme-26162_forestgreen_f-prom-dresses-images.jpg,la-femme-26162_navy_b-prom-dresses-images.jpg,la-femme-26162_navy_f-prom-dresses-images.jpg",26162
"la-femme-26167_burgundy_b-prom-dresses-images.jpg,la-femme-26167_burgundy_f-prom-dresses-images.jpg,la-femme-26167_burgundy_f2-prom-dresses-images.jpg,la-femme-26167_navy_f-prom-dresses-images.jpg",26167
"la-femme-26169_blush_b-prom-dresses-images.jpg,la-femme-26169_blush_f-prom-dresses-images.jpg,la-femme-26169_cloudblue_f-prom-dresses-images.jpg,la-femme-26169_silver_b-prom-dresses-images.jpg,la-femme-26169_silver_f-prom-dresses-images.jpg",26169
"la-femme-26171_jade_f-prom-dresses-images.jpg,la-femme-26171_jade_f2-prom-dresses-images.jpg,la-femme-26171_papaya_b-prom-dresses-images.jpg,la-femme-26171_papaya_b2-prom-dresses-images.jpg,la-femme-26171_papaya_f-prom-dresses-images.jpg,la-femme-26171_papaya_f2-prom-dresses-images.jpg,la-femme-26171_royalblue_f-prom-dresses-images.jpg",26171
"la-femme-26190_forestgreen_b-prom-dresses-images.jpg,la-femme-26190_forestgreen_f-prom-dresses-images.jpg,la-femme-26190_forestgreen_f2-prom-dresses-images.jpg,la-femme-26190_garnet_f-prom-dresses-images.jpg,la-femme-26190_marineblue_f-prom-dresses-images.jpg",26190
"la-femme-26192_electricblue_b-prom-dresses-images.jpg,la-femme-26192_electricblue_f-prom-dresses-images.jpg,la-femme-26192_ivorynude_f-prom-dresses-images.jpg",26192
"la-femme-26193_black_f-prom-dresses-images.jpg,la-femme-26193_ivory_b-prom-dresses-images.jpg,la-femme-26193_ivory_f-prom-dresses-images.jpg,la-femme-26193_red_f-prom-dresses-images.jpg",26193
"la-femme-26196_navy_f-prom-dresses-images.jpg,la-femme-26196_wine_b-prom-dresses-images.jpg,la-femme-26196_wine_f-prom-dresses-images.jpg",26196
"la-femme-26202_whitegold_b-prom-dresses-images.jpg,la-femme-26202_whitegold_f-prom-dresses-images.jpg",26202
"la-femme-26203_deepred_f-prom-dresses-images.jpg,la-femme-26203_navy_b-prom-dresses-images.jpg,la-femme-26203_navy_f-prom-dresses-images.jpg",26203
"la-femme-26206_whiteblue_b-prom-dresses-images.jpg,la-femme-26206_whiteblue_f-prom-dresses-images.jpg",26206
"la-femme-26207_darkwash_b-prom-dresses-images.jpg,la-femme-26207_darkwash_f-prom-dresses-images.jpg",26207
"la-femme-26228_blackblue_b-prom-dresses-images.jpg,la-femme-26228_blackblue_f-prom-dresses-images.jpg",26228
"la-femme-26231_bluegold_f-prom-dresses-images.jpg,la-femme-26231_turquoisemulti_b-prom-dresses-images.jpg,la-femme-26231_turquoisemulti_f-prom-dresses-images.jpg",26231
"la-femme-26233_black_b-prom-dresses-images.jpg,la-femme-26233_black_f-prom-dresses-images.jpg,la-femme-26233_black_f2-prom-dresses-images.jpg",26233
"la-femme-26235_kellygreen_f-prom-dresses-images.jpg,la-femme-26235_oceanblue_b-prom-dresses-images.jpg,la-femme-26235_oceanblue_f-prom-dresses-images.jpg,la-femme-26235_white_f-prom-dresses-images.jpg",26235
"la-femme-26236_garnet_f-prom-dresses-images.jpg,la-femme-26236_navy_f-prom-dresses-images.jpg,la-femme-26236_platinum_b-prom-dresses-images.jpg,la-femme-26236_platinum_f-prom-dresses-images.jpg",26236
"la-femme-26239_black_b-prom-dresses-images.jpg,la-femme-26239_black_f-prom-dresses-images.jpg,la-femme-26239_darkteal_f-prom-dresses-images.jpg,la-femme-26239_wine_f-prom-dresses-images.jpg",26239
"la-femme-26240_powderblue_b-prom-dresses-images.jpg,la-femme-26240_powderblue_f-prom-dresses-images.jpg",26240
"la-femme-26242_burgundy_b-prom-dresses-images.jpg,la-femme-26242_burgundy_f-prom-dresses-images.jpg,la-femme-26242_navy_f-prom-dresses-images.jpg",26242
"la-femme-26243_garnet_b-prom-dresses-images.jpg,la-femme-26243_garnet_f-prom-dresses-images.jpg,la-femme-26243_marineblue_f-prom-dresses-images.jpg",26243
"la-femme-26250_blush_b-prom-dresses-images.jpg,la-femme-26250_blush_f-prom-dresses-images.jpg,la-femme-26250_blush_f2-prom-dresses-images.jpg,la-femme-26250_cloudblue_f-prom-dresses-images.jpg",26250
"la-femme-26253_hotpink_f-prom-dresses-images.jpg,la-femme-26253_jade_f-prom-dresses-images.jpg,la-femme-26253_papaya_b-prom-dresses-images.jpg,la-femme-26253_papaya_f-prom-dresses-images.jpg,la-femme-26253_yellow_f-prom-dresses-images.jpg",26253
"la-femme-26254_ivory_b-prom-dresses-images.jpg,la-femme-26254_ivory_f-prom-dresses-images.jpg",26254
"la-femme-26255_aqua_b-prom-dresses-images.jpg,la-femme-26255_aqua_f-prom-dresses-images.jpg",26255
"la-femme-26261_poppyred_f-prom-dresses-images.jpg,la-femme-26261_teal_f-prom-dresses-images.jpg,la-femme-26261_yellow_b-prom-dresses-images.jpg,la-femme-26261_yellow_f-prom-dresses-images.jpg",26261
"la-femme-26263_gold_b-prom-dresses-images.jpg,la-femme-26263_gold_f-prom-dresses-images.jpg",26263
"la-femme-26264_gunmetal_f-prom-dresses-images.jpg,la-femme-26264_hotfuchsia_f-prom-dresses-images.jpg,la-femme-26264_royalblue_b-prom-dresses-images.jpg,la-femme-26264_royalblue_f-prom-dresses-images.jpg,la-femme-26264_royalblue_f2-prom-dresses-images.jpg",26264
"la-femme-26265_darkwash_b-prom-dresses-images.jpg,la-femme-26265_darkwash_f-prom-dresses-images.jpg,la-femme-26265_darkwash_f2-prom-dresses-images.jpg",26265
"la-femme-26266_burgundy_b-prom-dresses-images.jpg,la-femme-26266_burgundy_f-prom-dresses-images.jpg,la-femme-26266_teal_f-prom-dresses-images.jpg",26266
"la-femme-26269_iceblue_b-prom-dresses-images.jpg,la-femme-26269_iceblue_f-prom-dresses-images.jpg,la-femme-26269_iceblue_f2-prom-dresses-images.jpg,la-femme-26269_paleyellow_f-prom-dresses-images.jpg",26269
"la-femme-26274_charcoal_b-prom-dresses-images.jpg,la-femme-26274_charcoal_b2-prom-dresses-images.jpg,la-femme-26274_charcoal_f-prom-dresses-images.jpg,la-femme-26274_darkperiwinkle_b-prom-dresses-images.jpg,la-femme-26274_deepred_f-prom-dresses-images.jpg",26274
"la-femme-26275_sapphireblue_b-prom-dresses-images.jpg,la-femme-26275_sapphireblue_f-prom-dresses-images.jpg",26275
"la-femme-26278_lemon_f-prom-dresses-images.jpg,la-femme-26278_lemon_f2-prom-dresses-images.jpg,la-femme-26278_silver_b-prom-dresses-images.jpg,la-femme-26278_silver_f-prom-dresses-images.jpg",26278
"la-femme-26309_blush_b-prom-dresses-images.jpg,la-femme-26309_blush_f-prom-dresses-images.jpg,la-femme-26309_powderblue_f-prom-dresses-images.jpg",26309
"la-femme-26311_lemon_b-prom-dresses-images.jpg,la-femme-26311_lemon_f-prom-dresses-images.jpg",26311
"la-femme-26317_burgundy_b-prom-dresses-images.jpg,la-femme-26317_burgundy_f-prom-dresses-images.jpg,la-femme-26317_burgundy_f2-prom-dresses-images.jpg,la-femme-26317_royalblue_f-prom-dresses-images.jpg,la-femme-26317_silver_f-prom-dresses-images.jpg",26317
"la-femme-26324_fuchsia_f-prom-dresses-images.jpg,la-femme-26324_sapphireblue_b-prom-dresses-images.jpg,la-femme-26324_sapphireblue_f-prom-dresses-images.jpg,la-femme-26324_silver_f-prom-dresses-images.jpg",26324
"la-femme-26325_turquoisemulti_b-prom-dresses-images.jpg,la-femme-26325_turquoisemulti_f-prom-dresses-images.jpg",26325
"la-femme-26329_hotpink_b-prom-dresses-images.jpg,la-femme-26329_hotpink_f-prom-dresses-images.jpg,la-femme-26329_sapphireblue_f-prom-dresses-images.jpg",26329
"la-femme-26334_navy_b-prom-dresses-images.jpg,la-femme-26334_navy_f-prom-dresses-images.jpg",26334
"la-femme-26337_cloudblue_b-prom-dresses-images.jpg,la-femme-26337_cloudblue_f-prom-dresses-images.jpg,la-femme-26337_white_f-prom-dresses-images.jpg",26337
"la-femme-26338_cloudblue_b-prom-dresses-images.jpg,la-femme-26338_cloudblue_f-prom-dresses-images.jpg,la-femme-26338_white_f-prom-dresses-images.jpg",26338
"la-femme-26340_navy_b-prom-dresses-images.jpg,la-femme-26340_navy_f-prom-dresses-images.jpg",26340
